col_pk,col_int_nn,col_varchar_nn,col_decimal,col_datetime
1,1430,広田 麻紀,3362,1997/5/6
2,3767,長谷川 弥生,9510,1978/8/20
3,7494,西崎 清三,1382,1956/9/3
4,1897,谷藤 穂香,7853,1974/6/6
5,5909,西崎 華,3485,1990/6/17
6,1843,栗山 惟史,5075,2011/2/14
7,1399,平木 博史,8632,1978/2/3
8,8528,大友 美智子,613,1959/10/10
9,1181,臼井 岩夫,687,1995/6/28
10,57,高原 進一,3858,1979/11/12
11,1991,村中 晴美,15,2008/11/8
12,7967,玉城 江介,8469,1988/7/6
13,218,中平 章治郎,7936,1964/1/15
14,5214,宮田 柚葉,4964,2004/6/19
15,7850,大河原 清一,2344,1972/1/5
16,8418,陶山 章平,1495,1964/9/3
17,1631,喜田 望美,4096,1971/7/12
18,8966,浅岡 琴乃,4994,1984/4/13
19,6025,小森 江介,5293,1988/2/2
20,6112,助川 成美,3230,2005/12/27
21,1006,森崎 和枝,3106,1983/3/26
22,7315,清水 悟,5397,2013/6/26
23,3141,仙波 司,8641,1971/6/18
24,7755,麻生 恵一,375,1991/6/9
25,7891,吉良 真司,8116,1990/9/18
26,991,矢内 芳男,1515,1985/6/19
27,9288,宮﨑 健志,8554,1996/4/17
28,1949,大野 小雪,3683,1970/11/21
29,3092,滝沢 詩織,9056,2010/11/8
30,8496,沖本 政春,3622,1987/3/17
31,132,坂上 満雄,6540,2011/5/21
32,146,梅津 秀光,7691,1992/12/24
33,3692,宮武 詩,8788,1999/8/10
34,5194,副島 俊二,5089,1964/12/20
35,9797,磯 竜三,4481,1975/5/31
36,374,平山 櫻,2727,1973/10/21
37,7023,氏家 竜一,837,1979/2/28
38,6857,谷内 俊行,6735,1983/3/4
39,9420,白崎 天音,2564,1973/6/21
40,7299,大須賀 美智子,4415,1992/1/31
41,9376,高坂 紬,1306,1978/10/20
42,7354,宮嶋 俊子,2358,1983/6/26
43,883,浅野 美貴子,2132,1993/1/21
44,431,我妻 真緒,2790,1992/3/1
45,8648,米沢 仁,7390,1986/2/13
46,5520,八重樫 佐和子,2929,1961/9/24
47,6569,川崎 静男,4927,1998/5/12
48,1568,内海 林檎,821,1995/7/13
49,5310,鮫島 利忠,5300,2000/8/16
50,5616,村瀬 清,9829,1987/10/15
51,2131,小竹 孝志,5870,1999/10/29
52,1685,西垣 勇夫,3588,1964/9/11
53,9387,山森 昭次,9698,1971/5/17
54,1587,染谷 麻央,5057,1972/11/16
55,7250,大河内 尚夫,147,1981/8/3
56,2933,小山 淳,5933,1989/12/6
57,9753,板倉 敬,9106,1980/1/8
58,4706,阿久津 優希,7169,1974/4/3
59,5788,柳瀬 昌彦,3808,1981/5/29
60,501,鶴岡 貞次,1807,1959/3/8
61,4476,猪瀬 友洋,2515,1963/4/12
62,1603,古田 静雄,7476,1960/7/13
63,3116,松永 理香,3283,1964/7/26
64,2458,山崎 茂男,1735,1982/7/7
65,930,牛山 真司,140,2000/7/22
66,6474,岡田 美南,7177,1996/12/12
67,8013,榎 守,3966,1981/11/21
68,3129,長澤 静子,7614,1999/3/21
69,6727,保田 治夫,175,2005/5/13
70,5491,雨宮 静江,4707,1977/11/27
71,7212,桂 圭,3928,1976/5/23
72,4772,直井 栄次郎,9851,1975/9/9
73,2100,山口 日和,3266,1988/8/2
74,9424,梅木 宏美,6822,1987/6/12
75,7316,沢村 咲奈,883,1985/12/19
76,1856,八幡 智恵,8203,1967/12/4
77,7085,上西 眞,8400,2002/4/9
78,197,前田 双葉,1408,1984/1/10
79,2719,太田 志穂,4115,1991/6/12
80,6039,高沢 千明,4509,2018/12/23
81,3217,有本 杏里,5592,1968/3/15
82,6908,嶋 美帆,4369,1970/11/8
83,9380,景山 夏海,6915,1955/7/1
84,7149,向井 大介,4444,1968/4/13
85,8330,新家 博,7931,1986/9/2
86,3489,一戸 政夫,685,2000/4/25
87,8590,中尾 有正,3591,2005/8/4
88,3312,小滝 君子,5223,2000/7/27
89,3877,飯塚 遥花,9030,1998/2/3
90,7137,金光 七美,2227,1991/8/28
91,9515,丹下 夏音,8455,1984/7/31
92,1311,隅田 竜三,4905,1966/12/25
93,9394,井村 雄二,3673,1974/4/14
94,2922,吉岡 利恵,1221,2009/11/16
95,6533,勝田 乃愛,3190,1962/12/18
96,8150,鳥羽 正義,9907,1977/9/30
97,4195,北村 富士雄,9460,1977/1/24
98,4829,桐生 一朗,2069,1973/6/9
99,5944,井坂 優衣,9469,1994/4/14
100,8597,竹田 芽衣,7171,1971/12/8
